code,category,series,title,raw_id
T,국가기술자격,기능사,도자공예기능사,T_도자공예기능사
T,국가기술자격,기능사,중식조리기능사,T_중식조리기능사
T,국가기술자격,기능사,복어조리기능사,T_복어조리기능사
T,국가기술자격,기능사,조주기능사,T_조주기능사
T,국가기술자격,기능사,피아노조율기능사,T_피아노조율기능사
T,국가기술자격,기능사,이용사,T_이용사
T,국가기술자격,기능사,한식조리기능사,T_한식조리기능사
T,국가기술자격,기능사,양식조리기능사,T_양식조리기능사
T,국가기술자격,기능사,일식조리기능사,T_일식조리기능사
T,국가기술자격,기능사,신발제조기능사,T_신발제조기능사
T,국가기술자격,기능사,환경기능사,T_환경기능사
T,국가기술자격,기능사,콘크리트기능사,T_콘크리트기능사
T,국가기술자격,기능사,자기비파괴검사기능사,T_자기비파괴검사기능사
T,국가기술자격,기능사,침투비파괴검사기능사,T_침투비파괴검사기능사
T,국가기술자격,기능사,한복기능사,T_한복기능사
T,국가기술자격,기능사,정보기기운용기능사,T_정보기기운용기능사
T,국가기술자격,기능사,선체설계기능사,T_선체설계기능사
T,국가기술자격,기능사,선체건조기능사,T_선체건조기능사
T,국가기술자격,기능사,염색기능사(침염),T_염색기능사(침염)
T,국가기술자격,기능사,정보처리기능사,T_정보처리기능사
T,국가기술자격,기능사,염색기능사(날염),T_염색기능사(날염)
T,국가기술자격,기능사,석공기능사,T_석공기능사
T,국가기술자격,기능사,철도토목기능사,T_철도토목기능사
T,국가기술자격,기능사,전자계산기기능사,T_전자계산기기능사
T,국가기술자격,기능사,화학분석기능사,T_화학분석기능사
T,국가기술자격,기능사,도배기능사,T_도배기능사
T,국가기술자격,기능사,전자기능사,T_전자기능사
T,국가기술자격,기능사,타일기능사,T_타일기능사
T,국가기술자격,기능사,건축도장기능사,T_건축도장기능사
T,국가기술자격,기능사,석공예기능사,T_석공예기능사
T,국가기술자격,기능사,유리시공기능사,T_유리시공기능사
T,국가기술자격,기능사,실내건축기능사,T_실내건축기능사
T,국가기술자격,기능사,온수온돌기능사,T_온수온돌기능사
T,국가기술자격,기능사,거푸집기능사,T_거푸집기능사
T,국가기술자격,기능사,비계기능사,T_비계기능사
T,국가기술자격,기능사,귀금속가공기능사,T_귀금속가공기능사
T,국가기술자격,기능사,방사선비파괴검사기능사,T_방사선비파괴검사기능사
T,국가기술자격,기능사,항공사진기능사,T_항공사진기능사
T,국가기술자격,기능사,지도제작기능사,T_지도제작기능사
T,국가기술자격,기능사,초음파비파괴검사기능사,T_초음파비파괴검사기능사
T,국가기술자격,기능사,건설재료시험기능사,T_건설재료시험기능사
T,국가기술자격,기능사,가구제작기능사,T_가구제작기능사
T,국가기술자격,기능사,금속도장기능사,T_금속도장기능사
T,국가기술자격,기능사,제과기능사,T_제과기능사
T,국가기술자격,기능사,제빵기능사,T_제빵기능사
T,국가기술자격,기능사,보석가공기능사,T_보석가공기능사
T,국가기술자격,기능사,조경기능사,T_조경기능사
T,국가기술자격,기능사,도화기능사,T_도화기능사
T,국가기술자격,기능사,보석감정사,T_보석감정사
T,국가기술자격,기능사,지게차운전기능사,T_지게차운전기능사
T,국가기술자격,기능사,롤러운전기능사,T_롤러운전기능사
T,국가기술자격,기능사,양화장치운전기능사,T_양화장치운전기능사
T,국가기술자격,기능사,승강기기능사,T_승강기기능사
T,국가기술자격,기능사,세탁기능사,T_세탁기능사
T,국가기술자격,기능사,화약취급기능사,T_화약취급기능사
T,국가기술자격,기능사,수산양식기능사,T_수산양식기능사
T,국가기술자격,기능사,로더운전기능사,T_로더운전기능사
T,국가기술자격,기능사,목공예기능사,T_목공예기능사
T,국가기술자격,기능사,축산기능사,T_축산기능사
T,국가기술자격,기능사,식육처리기능사,T_식육처리기능사
T,국가기술자격,기능사,버섯종균기능사,T_버섯종균기능사
T,국가기술자격,기능사,기중기운전기능사,T_기중기운전기능사
T,국가기술자격,기능사,굴착기운전기능사,T_굴착기운전기능사
T,국가기술자격,기능사,불도저운전기능사,T_불도저운전기능사
T,국가기술자격,기능사,산림기능사,T_산림기능사
T,국가기술자격,기능사,잠수기능사,T_잠수기능사
T,국가기술자격,기능사,종자기능사,T_종자기능사
T,국가기술자격,기능사,지적기능사,T_지적기능사
T,국가기술자격,기능사,임업종묘기능사,T_임업종묘기능사
T,국가기술자격,기능사,철근기능사,T_철근기능사
T,국가기술자격,기능사,사진기능사,T_사진기능사
T,국가기술자격,기능사,컴퓨터그래픽기능사,T_컴퓨터그래픽기능사
T,국가기술자격,기능사,기계가공조립기능사,T_기계가공조립기능사
T,국가기술자격,기능사,공조냉동기계기능사,T_공조냉동기계기능사
T,국가기술자격,기능사,가스기능사,T_가스기능사
T,국가기술자격,기사,직업상담사2급,T_직업상담사2급
T,국가기술자격,기사,사회조사분석사1급,T_사회조사분석사1급
T,국가기술자격,기사,사회조사분석사2급,T_사회조사분석사2급
T,국가기술자격,기능사,건축목공기능사,T_건축목공기능사
T,국가기술자격,기능사,금속재창호기능사,T_금속재창호기능사
T,국가기술자격,기능사,미장기능사,T_미장기능사
T,국가기술자격,기능사,열처리기능사,T_열처리기능사
T,국가기술자격,기능사,방수기능사,T_방수기능사
T,국가기술자격,기능사,전산응용건축제도기능사,T_전산응용건축제도기능사
T,국가기술자격,기능사,조적기능사,T_조적기능사
T,국가기술자격,기사,양식조리산업기사,T_양식조리산업기사
T,국가기술자격,기사,일식조리산업기사,T_일식조리산업기사
T,국가기술자격,기사,중식조리산업기사,T_중식조리산업기사
T,국가기술자격,기사,복어조리산업기사,T_복어조리산업기사
T,국가기술자격,기능사,측량기능사,T_측량기능사
T,국가기술자격,기능사,축로기능사,T_축로기능사
T,국가기술자격,기능사,농기계정비기능사,T_농기계정비기능사
T,국가기술자격,기능사,자동차정비기능사,T_자동차정비기능사
T,국가기술자격,기능사,주조기능사,T_주조기능사
T,국가기술자격,기능사,자동차차체수리기능사,T_자동차차체수리기능사
T,국가기술자격,기능사,금속재료시험기능사,T_금속재료시험기능사
T,국가기술자격,기능사,제선기능사,T_제선기능사
T,국가기술자격,기능사,전산응용기계제도기능사,T_전산응용기계제도기능사
T,국가기술자격,기능사,정밀측정기능사,T_정밀측정기능사
T,국가기술자격,기능사,농기계운전기능사,T_농기계운전기능사
T,국가기술자격,기능장,건축일반시공기능장,T_건축일반시공기능장
T,국가기술자격,기능장,주조기능장,T_주조기능장
T,국가기술자격,기능장,표면처리기능장,T_표면처리기능장
T,국가기술자격,기능장,자동차정비기능장,T_자동차정비기능장
T,국가기술자격,기능장,건설기계정비기능장,T_건설기계정비기능장
T,국가기술자격,기사,교통산업기사,T_교통산업기사
T,국가기술자격,기사,귀금속가공산업기사,T_귀금속가공산업기사
T,국가기술자격,기사,어로산업기사,T_어로산업기사
T,국가기술자격,기능장,철도차량정비기능장,T_철도차량정비기능장
T,국가기술자격,기능장,금형기능장,T_금형기능장
T,국가기술자격,기능장,배관기능장,T_배관기능장
T,국가기술자격,기사,산업위생관리산업기사,T_산업위생관리산업기사
T,국가기술자격,기능장,판금제관기능장,T_판금제관기능장
T,국가기술자격,기능장,용접기능장,T_용접기능장
T,국가기술자격,기사,폐기물처리산업기사,T_폐기물처리산업기사
T,국가기술자격,기사,포장산업기사,T_포장산업기사
T,국가기술자격,기사,제품디자인산업기사,T_제품디자인산업기사
T,국가기술자격,기사,공조냉동기계산업기사,T_공조냉동기계산업기사
T,국가기술자격,기사,화약류제조산업기사,T_화약류제조산업기사
T,국가기술자격,기사,실내건축산업기사,T_실내건축산업기사
T,국가기술자격,기사,정보처리산업기사,T_정보처리산업기사
T,국가기술자격,기사,건설재료시험산업기사,T_건설재료시험산업기사
T,국가기술자격,기사,방사선비파괴검사산업기사,T_방사선비파괴검사산업기사
T,국가기술자격,기사,한식조리산업기사,T_한식조리산업기사
T,국가기술자격,기사,패션디자인산업기사,T_패션디자인산업기사
T,국가기술자격,기사,섬유디자인산업기사,T_섬유디자인산업기사
T,국가기술자격,기능사,전산응용토목제도기능사,T_전산응용토목제도기능사
T,국가기술자격,기능장,조리기능장,T_조리기능장
T,국가기술자격,기능장,제과기능장,T_제과기능장
T,국가기술자격,기능장,미용장,T_미용장
T,국가기술자격,기능장,이용장,T_이용장
T,국가기술자격,기능장,귀금속가공기능장,T_귀금속가공기능장
T,국가기술자격,기능장,건축목재시공기능장,T_건축목재시공기능장
T,국가기술자격,기사,초음파비파괴검사산업기사,T_초음파비파괴검사산업기사
T,국가기술자격,기사,침투비파괴검사산업기사,T_침투비파괴검사산업기사
T,국가기술자격,기능장,기계가공기능장,T_기계가공기능장
T,국가기술자격,기능장,가스기능장,T_가스기능장
T,국가기술자격,기능장,전자기능장,T_전자기능장
T,국가기술자격,기사,소방설비산업기사(전기분야),T_소방설비산업기사(전기분야)
T,국가기술자격,기사,소음진동산업기사,T_소음진동산업기사
T,국가기술자격,기능장,금속재료기능장,T_금속재료기능장
T,국가기술자격,기능장,제선기능장,T_제선기능장
T,국가기술자격,기능장,제강기능장,T_제강기능장
T,국가기술자격,기능장,압연기능장,T_압연기능장
T,국가기술자격,기사,피아노조율산업기사,T_피아노조율산업기사
T,국가기술자격,기사,소방설비산업기사(기계분야),T_소방설비산업기사(기계분야)
T,국가기술자격,기사,자기비파괴검사산업기사,T_자기비파괴검사산업기사
T,국가기술자격,기능장,에너지관리기능장,T_에너지관리기능장
T,국가기술자격,기사,농업기계산업기사,T_농업기계산업기사
T,국가기술자격,기사,사출금형산업기사,T_사출금형산업기사
T,국가기술자격,기사,공조냉동기계기사,T_공조냉동기계기사
T,국가기술자격,기사,프레스금형산업기사,T_프레스금형산업기사
T,국가기술자격,기사,철도차량산업기사,T_철도차량산업기사
T,국가기술자격,기사,소방설비기사(기계분야),T_소방설비기사(기계분야)
T,국가기술자격,기사,대기환경기사,T_대기환경기사
T,국가기술자격,기사,용접산업기사,T_용접산업기사
T,국가기술자격,기사,가스기사,T_가스기사
T,국가기술자격,기사,건축기사,T_건축기사
T,국가기술자격,기사,건축설비기사,T_건축설비기사
T,국가기술자격,기사,폐기물처리기사,T_폐기물처리기사
T,국가기술자격,기사,기계조립산업기사,T_기계조립산업기사
T,국가기술자격,기사,축산기사,T_축산기사
T,국가기술자격,기사,임산가공기사,T_임산가공기사
T,국가기술자격,기사,식품안전기사,T_식품안전기사
T,국가기술자격,기사,수산제조기사,T_수산제조기사
T,국가기술자격,기사,승강기기사,T_승강기기사
T,국가기술자격,기사,종자기사,T_종자기사
T,국가기술자격,기사,포장기사,T_포장기사
T,국가기술자격,기사,제품디자인기사,T_제품디자인기사
T,국가기술자격,기사,시설원예기사,T_시설원예기사
T,국가기술자격,기사,시각디자인기사,T_시각디자인기사
T,국가기술자격,기사,바이오화학제품제조기사,T_바이오화학제품제조기사
T,국가기술자격,기술사,폐기물처리기술사,T_폐기물처리기술사
T,국가기술자격,기사,화약류관리기사,T_화약류관리기사
T,국가기술자격,기사,산업위생관리기사,T_산업위생관리기사
T,국가기술자격,기사,해양공학기사,T_해양공학기사
T,국가기술자격,기사,광학기사,T_광학기사
T,국가기술자격,기사,산업안전기사,T_산업안전기사
T,국가기술자격,기사,건설안전기사,T_건설안전기사
T,국가기술자격,기사,측량및지형공간정보기사,T_측량및지형공간정보기사
T,국가기술자격,기사,프레스금형기사,T_프레스금형기사
T,국가기술자격,기사,철도차량기사,T_철도차량기사
T,국가기술자격,기사,지적기사,T_지적기사
T,국가기술자격,기사,인쇄설계기사,T_인쇄설계기사
T,국가기술자격,기사,해양환경기사,T_해양환경기사
T,국가기술자격,기사,해양자원개발기사,T_해양자원개발기사
T,국가기술자격,기사,건설기계설비기사,T_건설기계설비기사
T,국가기술자격,기사,건설기계정비기사,T_건설기계정비기사
T,국가기술자격,기사,일반기계기사,T_일반기계기사
T,국가기술자격,기사,용접기사,T_용접기사
T,국가기술자격,기사,도시계획기사,T_도시계획기사
T,국가기술자격,기사,조경기사,T_조경기사
T,국가기술자격,기사,농업기계기사,T_농업기계기사
T,국가기술자격,기사,사출금형기사,T_사출금형기사
T,국가기술자격,기술사,소음진동기술사,T_소음진동기술사
T,국가기술자격,기술사,농화학기술사,T_농화학기술사
T,국가기술자격,기사,정보처리기사,T_정보처리기사
T,국가기술자격,기사,전자계산기기사,T_전자계산기기사
T,국가기술자격,기사,전자계산기조직응용기사,T_전자계산기조직응용기사
T,국가기술자격,기사,실내건축기사,T_실내건축기사
T,국가기술자격,기술사,교통기술사,T_교통기술사
T,국가기술자격,기사,수산양식기사,T_수산양식기사
T,국가기술자격,기사,침투비파괴검사기사,T_침투비파괴검사기사
T,국가기술자격,기사,와전류비파괴검사기사,T_와전류비파괴검사기사
T,국가기술자격,기사,수질환경기사,T_수질환경기사
T,국가기술자격,기사,소음진동기사,T_소음진동기사
T,국가기술자격,기사,누설비파괴검사기사,T_누설비파괴검사기사
T,국가기술자격,기사,기상기사,T_기상기사
T,국가기술자격,기사,의류기사,T_의류기사
T,국가기술자격,기사,소방설비기사(전기분야),T_소방설비기사(전기분야)
T,국가기술자격,기사,자기비파괴검사기사,T_자기비파괴검사기사
T,국가기술자격,기사,식물보호기사,T_식물보호기사
T,국가기술자격,기사,임업종묘기사,T_임업종묘기사
T,국가기술자격,기사,건축일반시공산업기사,T_건축일반시공산업기사
T,국가기술자격,기사,건축목공산업기사,T_건축목공산업기사
T,국가기술자격,기사,대기환경산업기사,T_대기환경산업기사
T,국가기술자격,기사,수질환경산업기사,T_수질환경산업기사
T,국가기술자격,기사,조선산업기사,T_조선산업기사
T,국가기술자격,기사,식물보호산업기사,T_식물보호산업기사
T,국가기술자격,기사,수산양식산업기사,T_수산양식산업기사
T,국가기술자격,기사,잠수산업기사,T_잠수산업기사
T,국가기술자격,기사,건축산업기사,T_건축산업기사
T,국가기술자격,기사,건축설비산업기사,T_건축설비산업기사
T,국가기술자격,기사,전기산업기사,T_전기산업기사
T,국가기술자격,기사,전기공사산업기사,T_전기공사산업기사
T,국가기술자격,기사,산림산업기사,T_산림산업기사
T,국가기술자격,기사,축산산업기사,T_축산산업기사
T,국가기술자격,기사,식품산업기사,T_식품산업기사
T,국가기술자격,기사,철도신호산업기사,T_철도신호산업기사
T,국가기술자격,기사,전자산업기사,T_전자산업기사
T,국가기술자격,기사,화약류관리산업기사,T_화약류관리산업기사
T,국가기술자격,기사,종자산업기사,T_종자산업기사
T,국가기술자격,기사,가스산업기사,T_가스산업기사
T,국가기술자격,기사,항공산업기사,T_항공산업기사
T,국가기술자격,기사,토목산업기사,T_토목산업기사
T,국가기술자격,기사,주조산업기사,T_주조산업기사
T,국가기술자격,기사,표면처리산업기사,T_표면처리산업기사
T,국가기술자격,기사,시각디자인산업기사,T_시각디자인산업기사
T,국가기술자격,기사,건설안전산업기사,T_건설안전산업기사
T,국가기술자격,기사,디지털인쇄산업기사,T_디지털인쇄산업기사
T,국가기술자격,기사,승강기산업기사,T_승강기산업기사
T,국가기술자격,기사,측량및지형공간정보산업기사,T_측량및지형공간정보산업기사
T,국가기술자격,기사,지적산업기사,T_지적산업기사
T,국가기술자격,기사,금속재료산업기사,T_금속재료산업기사
T,국가기술자격,기사,정밀측정산업기사,T_정밀측정산업기사
T,국가기술자격,기사,해양조사산업기사,T_해양조사산업기사
T,국가기술자격,기사,산업안전산업기사,T_산업안전산업기사
T,국가기술자격,기사,조경산업기사,T_조경산업기사
T,국가기술자격,기사,자동차정비산업기사,T_자동차정비산업기사
T,국가기술자격,기사,건설기계설비산업기사,T_건설기계설비산업기사
T,국가기술자격,기사,배관산업기사,T_배관산업기사
T,국가기술자격,기사,방사선비파괴검사기사,T_방사선비파괴검사기사
T,국가기술자격,기사,초음파비파괴검사기사,T_초음파비파괴검사기사
T,국가기술자격,기사,철도신호기사,T_철도신호기사
T,국가기술자격,기사,전기철도기사,T_전기철도기사
T,국가기술자격,기사,건설기계정비산업기사,T_건설기계정비산업기사
T,국가기술자격,기사,기계설계산업기사,T_기계설계산업기사
T,국가기술자격,기사,건설재료시험기사,T_건설재료시험기사
T,국가기술자격,기사,교통기사,T_교통기사
T,국가기술자격,기사,철도토목기사,T_철도토목기사
T,국가기술자격,기사,자동화설비산업기사,T_자동화설비산업기사
T,국가기술자격,기사,설비보전산업기사,T_설비보전산업기사
T,국가기술자격,기사,임상심리사1급,T_임상심리사1급
T,국가기술자격,기사,임상심리사2급,T_임상심리사2급
T,국가기술자격,기사,텔레마케팅관리사,T_텔레마케팅관리사
T,국가기술자격,기사,멀티미디어콘텐츠제작전문가,T_멀티미디어콘텐츠제작전문가
T,국가기술자격,기술사,전자응용기술사,T_전자응용기술사
T,국가기술자격,기술사,발송배전기술사,T_발송배전기술사
T,국가기술자격,기술사,소방기술사,T_소방기술사
T,국가기술자격,기능사,천장크레인운전기능사,T_천장크레인운전기능사
T,국가기술자격,기능사,선박기관정비기능사,T_선박기관정비기능사
T,국가기술자격,기사,응용지질기사,T_응용지질기사
T,국가기술자격,기사,사무자동화산업기사,T_사무자동화산업기사
T,국가기술자격,기능사,플라스틱창호기능사,T_플라스틱창호기능사
T,국가기술자격,기사,소비자전문상담사1급,T_소비자전문상담사1급
T,국가기술자격,기술사,전기응용기술사,T_전기응용기술사
T,국가기술자격,기술사,철도신호기술사,T_철도신호기술사
T,국가기술자격,기사,콘크리트기사,T_콘크리트기사
T,국가기술자격,기사,콘크리트산업기사,T_콘크리트산업기사
T,국가기술자격,기능사,화훼장식기능사,T_화훼장식기능사
T,국가기술자격,기능사,웹디자인개발기능사,T_웹디자인개발기능사
T,국가기술자격,기사,자연생태복원기사,T_자연생태복원기사
T,국가기술자격,기사,자연생태복원산업기사,T_자연생태복원산업기사
T,국가기술자격,기사,토양환경기사,T_토양환경기사
T,국가기술자격,기술사,토양환경기술사,T_토양환경기술사
T,국가기술자격,기술사,자연환경관리기술사,T_자연환경관리기술사
T,국가기술자격,기사,궤도장비정비기사,T_궤도장비정비기사
T,국가기술자격,기사,궤도장비정비산업기사,T_궤도장비정비산업기사
T,국가기술자격,기능사,궤도장비정비기능사,T_궤도장비정비기능사
T,국가기술자격,기술사,금속재료기술사,T_금속재료기술사
T,국가기술자격,기술사,표면처리기술사,T_표면처리기술사
T,국가기술자격,기술사,금속가공기술사,T_금속가공기술사
T,국가기술자격,기술사,차량기술사,T_차량기술사
T,국가기술자격,기사,유기농업기사,T_유기농업기사
T,국가기술자격,기사,유기농업산업기사,T_유기농업산업기사
T,국가기술자격,기사,생물분류기사(식물),T_생물분류기사(식물)
T,국가기술자격,기사,생물분류기사(동물),T_생물분류기사(동물)
T,국가기술자격,기술사,인간공학기술사,T_인간공학기술사
T,국가기술자격,기사,인간공학기사,T_인간공학기사
T,국가기술자격,기술사,공조냉동기계기술사,T_공조냉동기계기술사
T,국가기술자격,기술사,건설기계기술사,T_건설기계기술사
T,국가기술자격,기술사,대기관리기술사,T_대기관리기술사
T,국가기술자격,기술사,수질관리기술사,T_수질관리기술사
T,국가기술자격,기술사,축산기술사,T_축산기술사
T,국가기술자격,기사,항공기사,T_항공기사
T,국가기술자격,기사,토목기사,T_토목기사
T,국가기술자격,기술사,수산제조기술사,T_수산제조기술사
T,국가기술자격,기술사,제품디자인기술사,T_제품디자인기술사
T,국가기술자격,기술사,종자기술사,T_종자기술사
T,국가기술자격,기술사,시설원예기술사,T_시설원예기술사
T,국가기술자격,기술사,세라믹기술사,T_세라믹기술사
T,국가기술자격,기술사,식품기술사,T_식품기술사
T,국가기술자격,기술사,토목품질시험기술사,T_토목품질시험기술사
T,국가기술자격,기사,전기기사,T_전기기사
T,국가기술자격,기사,전기공사기사,T_전기공사기사
T,국가기술자격,기사,전자기사,T_전자기사
T,국가기술자격,기술사,비파괴검사기술사,T_비파괴검사기술사
T,국가기술자격,기술사,산업위생관리기술사,T_산업위생관리기술사
T,국가기술자격,기술사,가스기술사,T_가스기술사
T,국가기술자격,기술사,공장관리기술사,T_공장관리기술사
T,국가기술자격,기술사,품질관리기술사,T_품질관리기술사
T,국가기술자격,기사,화공기사,T_화공기사
T,국가기술자격,기사,화약류제조기사,T_화약류제조기사
T,국가기술자격,기술사,포장기술사,T_포장기술사
T,국가기술자격,기술사,기계안전기술사,T_기계안전기술사
T,국가기술자격,기술사,화공안전기술사,T_화공안전기술사
T,국가기술자격,기술사,전기안전기술사,T_전기안전기술사
T,국가기술자격,기술사,건설안전기술사,T_건설안전기술사
T,국가기술자격,기술사,측량및지형공간정보기술사,T_측량및지형공간정보기술사
T,국가기술자격,기술사,지적기술사,T_지적기술사
T,국가기술자격,기술사,해양기술사,T_해양기술사
T,국가기술자격,기술사,수산양식기술사,T_수산양식기술사
T,국가기술자격,기술사,어업기술사,T_어업기술사
T,국가기술자격,기술사,도시계획기술사,T_도시계획기술사
T,국가기술자격,기능사,전자캐드기능사,T_전자캐드기능사
T,국가기술자격,기사,자동차정비기사,T_자동차정비기사
T,국가기술자격,기술사,정보관리기술사,T_정보관리기술사
T,국가기술자격,기술사,조경기술사,T_조경기술사
T,국가기술자격,기술사,용접기술사,T_용접기술사
T,국가기술자격,기술사,금형기술사,T_금형기술사
T,국가기술자격,기술사,의류기술사,T_의류기술사
T,국가기술자격,기술사,화약류관리기술사,T_화약류관리기술사
T,국가기술자격,기술사,건축품질시험기술사,T_건축품질시험기술사
T,국가기술자격,기술사,건축구조기술사,T_건축구조기술사
T,국가기술자격,기술사,건축기계설비기술사,T_건축기계설비기술사
T,국가기술자격,기술사,건축전기설비기술사,T_건축전기설비기술사
T,국가기술자격,기술사,건축시공기술사,T_건축시공기술사
T,국가기술자격,기술사,전기철도기술사,T_전기철도기술사
T,국가기술자격,기술사,수자원개발기술사,T_수자원개발기술사
T,국가기술자격,기술사,상하수도기술사,T_상하수도기술사
T,국가기술자격,기술사,농어업토목기술사,T_농어업토목기술사
T,국가기술자격,기술사,토목시공기술사,T_토목시공기술사
T,국가기술자격,기술사,토질및기초기술사,T_토질및기초기술사
T,국가기술자격,기술사,지질및지반기술사,T_지질및지반기술사
T,국가기술자격,기술사,토목구조기술사,T_토목구조기술사
T,국가기술자격,기술사,항만및해안기술사,T_항만및해안기술사
T,국가기술자격,기술사,도로및공항기술사,T_도로및공항기술사
T,국가기술자격,기술사,철도기술사,T_철도기술사
T,국가기술자격,기술사,철도차량기술사,T_철도차량기술사
T,국가기술자격,기능사,자동화설비기능사,T_자동화설비기능사
T,국가기술자격,기사,패션머천다이징산업기사,T_패션머천다이징산업기사
T,국가기술자격,기사,항로표지기사,T_항로표지기사
T,국가기술자격,기사,항로표지산업기사,T_항로표지산업기사
T,국가기술자격,기능사,항로표지기능사,T_항로표지기능사
T,국가기술자격,기사,컬러리스트기사,T_컬러리스트기사
T,국가기술자격,기사,컬러리스트산업기사,T_컬러리스트산업기사
T,국가기술자격,기능사,제품응용모델링기능사,T_제품응용모델링기능사
T,국가기술자격,기술사,기상예보기술사,T_기상예보기술사
T,국가기술자격,기술사,항공기체기술사,T_항공기체기술사
T,국가기술자격,기술사,항공기관기술사,T_항공기관기술사
T,국가기술자격,기능사,전자출판기능사,T_전자출판기능사
T,국가기술자격,기사,컨벤션기획사1급,T_컨벤션기획사1급
T,국가기술자격,기사,소비자전문상담사2급,T_소비자전문상담사2급
T,국가기술자격,기능장,전기기능장,T_전기기능장
T,국가기술자격,기능사,배관기능사,T_배관기능사
T,국가기술자격,기능사,표면처리기능사,T_표면처리기능사
T,국가기술자격,기능사,인쇄기능사,T_인쇄기능사
T,국가기술자격,기능사,식품가공기능사,T_식품가공기능사
T,국가기술자격,기능사,전기기능사,T_전기기능사
T,국가기술자격,기능사,원예기능사,T_원예기능사
T,국가기술자격,기사,철도운송산업기사,T_철도운송산업기사
T,국가기술자격,기술사,산림기술사,T_산림기술사
T,국가기술자격,기사,금속재료기사,T_금속재료기사
T,국가기술자격,기사,전자계산기제어산업기사,T_전자계산기제어산업기사
T,국가기술자격,기능사,컴퓨터응용선반기능사,T_컴퓨터응용선반기능사
T,국가기술자격,기능사,컴퓨터응용밀링기능사,T_컴퓨터응용밀링기능사
T,국가기술자격,기능사,철도차량정비기능사,T_철도차량정비기능사
T,국가기술자격,기능사,압연기능사,T_압연기능사
T,국가기술자격,기능사,피복아크용접기능사,T_피복아크용접기능사
T,국가기술자격,기사,어업생산관리기사,T_어업생산관리기사
T,국가기술자격,기사,에너지관리기사,T_에너지관리기사
T,국가기술자격,기사,에너지관리산업기사,T_에너지관리산업기사
T,국가기술자격,기사,화훼장식기사,T_화훼장식기사
T,국가기술자격,기사,스포츠경영관리사,T_스포츠경영관리사
T,국가기술자격,기술사,산업계측제어기술사,T_산업계측제어기술사
T,국가기술자격,기사,위험물산업기사,T_위험물산업기사
T,국가기술자격,기능장,위험물기능장,T_위험물기능장
T,국가기술자격,기능사,유기농업기능사,T_유기농업기능사
T,국가기술자격,기능사,자동차보수도장기능사,T_자동차보수도장기능사
T,국가기술자격,기사,설비보전기사,T_설비보전기사
T,국가기술자격,기능사,설비보전기능사,T_설비보전기능사
T,국가기술자격,기사,전자부품장착산업기사,T_전자부품장착산업기사
T,국가기술자격,기능사,전자부품장착기능사,T_전자부품장착기능사
T,국가기술자격,기사,화학분석기사,T_화학분석기사
T,국가기술자격,기능사,타워크레인운전기능사,T_타워크레인운전기능사
T,국가기술자격,기사,반도체설계산업기사,T_반도체설계산업기사
T,국가기술자격,기사,컨벤션기획사2급,T_컨벤션기획사2급
T,국가기술자격,기술사,산업기계설비기술사,T_산업기계설비기술사
T,국가기술자격,기술사,화공기술사,T_화공기술사
T,국가기술자격,기술사,조선기술사,T_조선기술사
T,국가기술자격,기사,직업상담사1급,T_직업상담사1급
T,국가기술자격,기사,품질경영기사,T_품질경영기사
T,국가기술자격,기능사,의료전자기능사,T_의료전자기능사
T,국가기술자격,기사,의공산업기사,T_의공산업기사
T,국가기술자격,기사,의공기사,T_의공기사
T,국가기술자격,기능사,미용사(일반),T_미용사(일반)
T,국가기술자격,기능사,미용사(피부),T_미용사(피부)
T,국가기술자격,기사,전기철도산업기사,T_전기철도산업기사
T,국가기술자격,기사,산림기사,T_산림기사
T,국가기술자격,기사,판금제관산업기사,T_판금제관산업기사
T,국가기술자격,기사,컴퓨터응용가공산업기사,T_컴퓨터응용가공산업기사
T,국가기술자격,기사,품질경영산업기사,T_품질경영산업기사
T,국가기술자격,기술사,기계기술사,T_기계기술사
T,국가기술자격,기술사,컴퓨터시스템응용기술사,T_컴퓨터시스템응용기술사
T,국가기술자격,기술사,섬유기술사,T_섬유기술사
T,국가기술자격,기능사,금형기능사,T_금형기능사
T,국가기술자격,기능사,건설기계정비기능사,T_건설기계정비기능사
T,국가기술자격,기능사,판금제관기능사,T_판금제관기능사
T,국가기술자격,기능사,남성복기능사,T_남성복기능사
T,국가기술자격,기능사,제강기능사,T_제강기능사
T,국가기술자격,기사,기상감정기사,T_기상감정기사
T,국가기술자격,기사,재료조직평가산업기사,T_재료조직평가산업기사
T,국가기술자격,기사,섬유기사,T_섬유기사
T,국가기술자격,기능사,에너지관리기능사,T_에너지관리기능사
T,국가기술자격,기능사,여성복기능사,T_여성복기능사
T,국가기술자격,기능사,위험물기능사,T_위험물기능사
T,국가기술자격,기능사,컨테이너크레인운전기능사,T_컨테이너크레인운전기능사
T,국가기술자격,기사,섬유산업기사,T_섬유산업기사
T,국가기술자격,기능사,철도전기신호기능사,T_철도전기신호기능사
T,국가기술자격,기사,광학기기산업기사,T_광학기기산업기사
T,국가기술자격,기술사,금속제련기술사,T_금속제련기술사
T,국가기술자격,기사,신재생에너지발전설비기사(태양광),T_신재생에너지발전설비기사(태양광)
T,국가기술자격,기능사,신재생에너지발전설비기능사(태양광),T_신재생에너지발전설비기능사(태양광)
T,국가기술자격,기사,그린전동자동차기사,T_그린전동자동차기사
T,국가기술자격,기사,임베디드기사,T_임베디드기사
T,국가기술자격,기사,국제의료관광코디네이터,T_국제의료관광코디네이터
T,국가기술자격,기능사,반도체설비보전기능사,T_반도체설비보전기능사
T,국가기술자격,기능사,미용사(네일),T_미용사(네일)
T,국가기술자격,기능사,미용사(메이크업),T_미용사(메이크업)
T,국가기술자격,기사,신재생에너지발전설비산업기사(태양광),T_신재생에너지발전설비산업기사(태양광)
T,국가기술자격,기사,화재감식평가산업기사,T_화재감식평가산업기사
T,국가기술자격,기능사,천공기운전기능사,T_천공기운전기능사
T,국가기술자격,기사,온실가스관리기사,T_온실가스관리기사
T,국가기술자격,기사,화재감식평가기사,T_화재감식평가기사
T,국가기술자격,기사,방수산업기사,T_방수산업기사
T,국가기술자격,기능사,이산화탄소가스아크용접기능사,T_이산화탄소가스아크용접기능사
T,국가기술자격,기사,조선선체기사,T_조선선체기사
T,국가기술자격,기사,조선의장기사,T_조선의장기사
T,국가기술자격,기능장,한복기능장,T_한복기능장
T,국가기술자격,기사,공간정보융합산업기사,T_공간정보융합산업기사
T,국가기술자격,기능사,공간정보융합기능사,T_공간정보융합기능사
T,국가기술자격,기사,제빵산업기사,T_제빵산업기사
T,국가기술자격,기능사,항공전기·전자정비기능사,T_항공전기·전자정비기능사
T,국가기술자격,기능사,목재가공기능사,T_목재가공기능사
T,국가기술자격,기능사,펄프종이제조기능사,T_펄프종이제조기능사
T,국가기술자격,기능사,바이오공정기능사,T_바이오공정기능사
T,국가기술자격,기능사,봉제기능사,T_봉제기능사
T,국가기술자격,기사,화훼장식산업기사,T_화훼장식산업기사
T,국가기술자격,기사,방재기사,T_방재기사
T,국가기술자격,기사,정밀화학기사,T_정밀화학기사
T,국가기술자격,기사,로봇소프트웨어개발기사,T_로봇소프트웨어개발기사
T,국가기술자격,기사,보석감정산업기사,T_보석감정산업기사
T,국가기술자격,기사,공공조달관리사,T_공공조달관리사
T,국가기술자격,기사,3D프린터개발산업기사,T_3D프린터개발산업기사
T,국가기술자격,기능사,떡제조기능사,T_떡제조기능사
T,국가기술자격,기사,이러닝운영관리사,T_이러닝운영관리사
T,국가기술자격,기능사,항공기정비기능사,T_항공기정비기능사
T,국가기술자격,기사,스마트공장산업기사,T_스마트공장산업기사
T,국가기술자격,기능사,스마트공장기능사,T_스마트공장기능사
T,국가기술자격,기능사,가스텅스텐아크용접기능사,T_가스텅스텐아크용접기능사
T,국가기술자격,기능사,3D프린터운용기능사,T_3D프린터운용기능사
T,국가기술자격,기사,식육가공기사,T_식육가공기사
T,국가기술자격,기사,바이오화학제품제조산업기사,T_바이오화학제품제조산업기사
T,국가기술자격,기사,제과산업기사,T_제과산업기사
T,국가기술자격,기능장,산림기능장,T_산림기능장
T,국가기술자격,기사,버섯산업기사,T_버섯산업기사
T,국가기술자격,기사,농작업안전보건기사,T_농작업안전보건기사
T,국가기술자격,기사,신발산업기사,T_신발산업기사
T,국가기술자격,기사,로봇하드웨어개발기사,T_로봇하드웨어개발기사
T,국가기술자격,기사,가구제작산업기사,T_가구제작산업기사
T,국가기술자격,기사,보석디자인산업기사,T_보석디자인산업기사
T,국가기술자격,기능장,잠수기능장,T_잠수기능장
T,국가기술자격,기사,환경위해관리기사,T_환경위해관리기사
T,국가기술자격,기능사,이륜자동차정비기능사,T_이륜자동차정비기능사
T,국가기술자격,기사,로봇기구개발기사,T_로봇기구개발기사
